[{"model": "blog.category", "pk": 1, "fields": {"name": "javascript", "slug": "javascript"}}, {"model": "blog.category", "pk": 2, "fields": {"name": "Python", "slug": "python"}}, {"model": "blog.category", "pk": 3, "fields": {"name": "html", "slug": "html"}}, {"model": "blog.category", "pk": 4, "fields": {"name": "css", "slug": "css"}}, {"model": "blog.category", "pk": 5, "fields": {"name": "Programming", "slug": "Programming"}}, {"model": "blog.post", "pk": 6, "fields": {"title": "This is my Django Project 1", "body": "Django get_absolute_url is an instance method you can implement in your Django project to create absolute URLs for your resources easily. You create the get_absolute_url() method in your Django models. Updated version ;) Reverse lazy update!!\r\n\r\nlinebreaks\r\nReplaces line breaks in plain text with appropriate HTML; a single newline becomes an HTML line break (<br>) and a new line followed by a blank line becomes a paragraph break (</p>).\r\n\r\n**For example:\r\n**\r\n    {{ value|linebreaks }}\r\nIf value is Joel\\nis a slug, the output will be <p>Joel<br>is a slug</p>.\r\n\r\n**linebreaksbr\r\n**Converts all newlines in a piece of plain text to HTML line breaks (<br>).\r\n\r\n**For example:\r\n**\r\n    {{ value|linebreaksbr }}    {{ value|linebreaksbr }}\r\nIf value is Joel\\nis a slug, the output will be Joel<br>is a slug.", "short_description": "Django get_absolute_url is an instance method you can implement in your Django project to create absolute URLs for your resources easily. You create the get_absolute_url() method in your Django models.", "author": 1, "slug": "this-is-my-django-project-1", "created": "2023-03-04T16:03:04.151Z", "updated": "2023-03-10T12:20:41.612Z", "publish": "2023-03-04T16:02:27Z", "image": "images/pydnago_MVTYWL6.png", "status": "published", "categories": [2], "tags": [1]}}, {"model": "blog.post", "pk": 7, "fields": {"title": "This is a long title of the article", "body": "Lorem ipsum, dolor sit amet consectetur adipisicing elit. Optio sapiente molestias consectetur. Fuga nulla officia error placeat veniam, officiis rerum laboriosam ullam molestiae magni velit laborum itaque minima doloribus eligendi! Lorem ipsum, dolor sit amet consectetur adipisicing elit. Optio sapiente molestias consectetur. Fuga nulla officia error placeat veniam, officiis rerum laboriosam ullam molestiae magni velit laborum itaque minima doloribus eligendi!\r\n\r\nOptio sapiente molestias consectetur?\r\n\r\nLorem ipsum dolor sit amet consectetur adipisicing elit. Ipsum architecto ex ab aut tempora officia libero praesentium, sint id magnam eius natus unde blanditiis. Autem adipisci totam sit consequuntur eligendi.", "short_description": "Lorem ipsum dolor sit amet consectetur adipisicing elit. Temporibus, libero repellat molestiae aperiam laborum aliquid atque magni nostrum, inventore perspiciatis possimus quia incidunt maiores molestias eaque nam commodi! Magnam, labore.", "author": 6, "slug": "this-is-a-long-title-of-the-article", "created": "2023-03-09T20:43:34.963Z", "updated": "2023-03-10T21:57:38.063Z", "publish": "2023-03-09T20:43:28Z", "image": "images/python_SHYLWst.png", "status": "published", "categories": [2], "tags": [1, 2, 3]}}, {"model": "blog.post", "pk": 8, "fields": {"title": "Django REST framework", "body": "В этом уроке мы рассмотрим создание простого Web API с подсветкой кода для фрагментов кода. Попутно будут представлены различные компоненты, составляющие DRF, и вы получите полное представление о том, как все это сочетается друг с другом.\r\nУчебник довольно подробный, поэтому перед началом работы вам, вероятно, стоит взять печенье и выпить чашку любимого напитка. Если вам нужен лишь краткий обзор, лучше обратиться к документации quickstart.\r\n\r\nПримечание: Код для этого руководства доступен в репозитории encode/rest-framework-tutorial на GitHub. Завершенная реализация также доступна онлайн в виде версии песочницы для тестирования, доступно здесь.\r\n\r\nПрежде чем делать что-либо еще, мы создадим новую виртуальную среду, используя venv. Это позволит убедиться, что наша конфигурация пакетов будет изолирована от других проектов, над которыми мы работаем.", "short_description": "Прежде чем делать что-либо еще, мы создадим новую виртуальную среду, используя venv. Это позволит убедиться, что наша конфигурация пакетов будет изолирована от других проектов, над которыми мы работаем.", "author": 6, "slug": "django-rest-framework", "created": "2023-03-10T21:55:47.270Z", "updated": "2023-03-10T21:57:13.184Z", "publish": "2023-03-10T21:55:33Z", "image": "images/rest.png", "status": "published", "categories": [5, 2], "tags": [1, 2, 7]}}, {"model": "blog.post", "pk": 9, "fields": {"title": "Oh ma douce souffrance", "body": "Oh ma douce souffrance\r\nPourquoi s'acharner? Tu recommences\r\nJe ne suis qu'un être sans importance\r\nSans lui, je suis un peu paro\r\nJe déambule seule dans le métro\r\nUne dernière danse\r\nPour oublier ma peine immense\r\nJe veux m'enfuir que tout recommence\r\nOh ma douce souffrance\r\nJe remue le ciel, le jour, la nuit\r\nJe danse avec le vent, la pluie\r\nUn peu d'amour, un brin de miel\r\nEt je danse, danse, danse, danse, danse, danse, danse\r\nEt dans le bruit, je cours et j'ai peur\r\nEst-ce mon tour? Vient la douleur\r\nDans tout Paris, je m'abandonne\r\nEt je m'envole, vole, vole, vole, vole, vole, vole\r\nQue d'espérance\r\nSur ce chemin en ton absence\r\nJ'ai beau trimer\r\nSans toi ma vie n'est qu'un décor qui brille, vide de sens\r\nJe remue le ciel, le jour, la nuit\r\nJe danse avec le vent, la pluie\r\nUn peu d'amour, un brin de miel\r\nEt je danse, danse, danse, danse, danse, danse, danse\r\nEt dans le bruit, je cours et j'ai peur\r\nEst-ce mon tour? Vient la douleur\r\nDans tout Paris, je m'abandonne\r\nEt je m'envole, vole, vole, vole, vole, vole vole\r\nDans cette douce souffrance\r\nDont j'ai payé toutes les offenses\r\nÉcoute comme mon cœur est immense\r\nJe suis une enfant du monde\r\nJe remue le ciel, le jour, la nuit\r\nJe danse avec le vent, la pluie\r\nUn peu d'amour, un brin de miel\r\nEt je danse, danse, danse, danse, danse, danse, danse\r\nEt dans le bruit, je cours et j'ai peur\r\nEst-ce mon tour? Vient la douleur\r\nDans tout Paris, je m'abandonne\r\nEt je m'envole, vole, vole, vole, vole, vole vole", "short_description": null, "author": 6, "slug": "oh-ma-douce-souffrance", "created": "2023-03-11T11:38:46.511Z", "updated": "2023-03-11T11:38:46.511Z", "publish": "2023-03-11T11:38:46.477Z", "image": "images/marta_K4WIRTS.jpeg", "status": "draft", "categories": [], "tags": [2, 5, 6, 7]}}, {"model": "blog.post", "pk": 10, "fields": {"title": "Pourquoi s'acharner? Tu recommences", "body": "Oh ma douce souffrance\r\nPourquoi s'acharner? Tu recommences\r\nJe ne suis qu'un être sans importance\r\nSans lui, je suis un peu paro\r\nJe déambule seule dans le métro\r\nUne dernière danse\r\nPour oublier ma peine immense\r\nJe veux m'enfuir que tout recommence\r\nOh ma douce souffrance\r\nJe remue le ciel, le jour, la nuit\r\nJe danse avec le vent, la pluie\r\nUn peu d'amour, un brin de miel\r\nEt je danse, danse, danse, danse, danse, danse, danse\r\nEt dans le bruit, je cours et j'ai peur\r\nEst-ce mon tour? Vient la douleur\r\nDans tout Paris, je m'abandonne\r\nEt je m'envole, vole, vole, vole, vole, vole, vole\r\nQue d'espérance\r\nSur ce chemin en ton absence\r\nJ'ai beau trimer\r\nSans toi ma vie n'est qu'un décor qui brille, vide de sens\r\nJe remue le ciel, le jour, la nuit\r\nJe danse avec le vent, la pluie\r\nUn peu d'amour, un brin de miel\r\nEt je danse, danse, danse, danse, danse, danse, danse\r\nEt dans le bruit, je cours et j'ai peur\r\nEst-ce mon tour? Vient la douleur\r\nDans tout Paris, je m'abandonne\r\nEt je m'envole, vole, vole, vole, vole, vole vole\r\nDans cette douce souffrance\r\nDont j'ai payé toutes les offenses\r\nÉcoute comme mon cœur est immense\r\nJe suis une enfant du monde\r\nJe remue le ciel, le jour, la nuit\r\nJe danse avec le vent, la pluie\r\nUn peu d'amour, un brin de miel\r\nEt je danse, danse, danse, danse, danse, danse, danse\r\nEt dans le bruit, je cours et j'ai peur\r\nEst-ce mon tour? Vient la douleur\r\nDans tout Paris, je m'abandonne\r\nEt je m'envole, vole, vole, vole, vole, vole vole", "short_description": null, "author": 6, "slug": "pourquoi-sacharner-tu-recommences", "created": "2023-03-11T11:43:54.513Z", "updated": "2023-03-11T11:43:54.513Z", "publish": "2023-03-11T11:43:54.484Z", "image": "images/morda.jpeg", "status": "draft", "categories": [], "tags": [2, 5, 6, 7, 11, 12]}}, {"model": "blog.post", "pk": 11, "fields": {"title": "Dans cette douce souffrance", "body": "Que d'espérance\r\nSur ce chemin en ton absence\r\nJ'ai beau trimer\r\nSans toi ma vie n'est qu'un décor qui brille, vide de sens\r\nJe remue le ciel, le jour, la nuit\r\nJe danse avec le vent, la pluie\r\nUn peu d'amour, un brin de miel\r\nEt je danse, danse, danse, danse, danse, danse, danse\r\nEt dans le bruit, je cours et j'ai peur\r\nEst-ce mon tour? Vient la douleur\r\nDans tout Paris, je m'abandonne\r\nEt je m'envole, vole, vole, vole, vole, vole vole\r\nDans cette douce souffrance\r\nDont j'ai payé toutes les offenses\r\nÉcoute comme mon cœur est immense\r\nJe suis une enfant du monde\r\nJe remue le ciel, le jour, la nuit\r\nJe danse avec le vent, la pluie\r\nUn peu d'amour, un brin de miel\r\nEt je danse, danse, danse, danse, danse, danse, danse\r\nEt dans le bruit, je cours et j'ai peur\r\nEst-ce mon tour? Vient la douleur\r\nDans tout Paris, je m'abandonne\r\nEt je m'envole, vole, vole, vole, vole, vole vole", "short_description": null, "author": 6, "slug": "dans-cette-douce-souffrance", "created": "2023-03-11T11:45:20.000Z", "updated": "2023-03-11T11:45:20.000Z", "publish": "2023-03-11T11:45:19.970Z", "image": "images/morda_CoPNpsG.jpeg", "status": "draft", "categories": [], "tags": [2, 4]}}, {"model": "blog.userprofile", "pk": 1, "fields": {"password": "12345", "last_login": "2023-03-08T19:43:07Z", "is_superuser": true, "username": "Alex", "first_name": "Alexander", "last_name": "", "is_staff": true, "is_active": true, "date_joined": "2023-03-07T11:28:23Z", "full_name": "Alexander Pythonenko", "development": "Python", "email": "alex@noreply.com", "avatar": "avatar/Снимок_экрана_2023-03-07_в_16.07.31.png", "gender": "M", "age": 30, "biography": "2+ years of strong hands-on experience with Python 3. Frameworks: Django, Flask, REST API. Fluent knowledge of English. Strong understanding of Linux: base principles, file system, I/O, processes, permissions model, signals, networking, inter-process communication. OOP, SOLID, DRY, YAGNI, KISS.\r\nStrong experience with version control systems and collaborative work (git, branching models, pull requests, code review, etc.) Pytest, debugging.\r\nHands-on experience with MQTT protocol. Other IoT protocols are optional.", "website": "http://www.django-admin.com", "location": "UA", "mobile": "+380937777554", "address": "Odessa city", "github": "https://github.com/ls500pymaster", "twitter": "https://twitter.com/ls500pymasterl", "instagram": "https://instagram.com/ls500pymaster", "facebook": "https://facebook.com/ls500pymaster", "groups": [], "user_permissions": [37, 38, 39, 40, 1, 2, 3, 4, 9, 10, 11, 12, 5, 6, 7, 8, 33, 34, 35, 36, 29, 30, 31, 32, 21, 22, 23, 24, 25, 26, 27, 28, 13, 14, 15, 16, 17, 18, 19, 20]}}, {"model": "blog.userprofile", "pk": 5, "fields": {"password": "bloguser", "last_login": null, "is_superuser": true, "username": "bloguser", "first_name": "", "last_name": "", "is_staff": true, "is_active": true, "date_joined": "2023-03-07T11:28:23Z", "full_name": "Blog User", "development": "Python Django", "email": "Bloguser@loguser.com", "avatar": "avatar/_23_abstract-programming-art-wallpaper_2175828664.jpg", "gender": "M", "age": 20, "biography": "", "website": "", "location": "", "mobile": null, "address": null, "github": "", "twitter": "", "instagram": "", "facebook": "", "groups": [], "user_permissions": [37, 38, 39, 40, 1, 2, 3, 4, 9, 10, 11, 12, 5, 6, 7, 8, 33, 34, 35, 36, 29, 30, 31, 32, 21, 22, 23, 24, 25, 26, 27, 28, 13, 14, 15, 16, 17, 18, 19, 20]}}, {"model": "blog.userprofile", "pk": 6, "fields": {"password": "pbkdf2_sha256$390000$jRezb2dTSbpfN8OF4o2y45$hABbz+vquVG6XoNsc4jh+3QGaCz1pBbW+jPQlPW1kzI=", "last_login": "2023-03-12T16:06:13.524Z", "is_superuser": true, "username": "admin", "first_name": "Alexander", "last_name": "PythonLS500", "is_staff": true, "is_active": true, "date_joined": "2023-03-11T17:04:11Z", "full_name": "Python500", "development": "Python Django", "email": "admin@noreply.com", "avatar": "avatar/cropped-1920-1080-679140.png", "gender": "M", "age": 25, "biography": "Kiichiro Toyoda was one of five industry leaders named to this year's Automotive Hall of Fame induction class. He is credited with expanding Toyoda Automatic Loom Works, a successful textile business created by his father, Sakichi Toyoda, into the world of automotive manufacturing in 1933. Kiichiro Toyoda served as president of Toyota Motor Corporation from 1941 to 1950. His technical skills and leadership forged the foundations of a company that would eventually grow to be one of the most respected corporations in the world. (See here for more information about Kiichiro Toyoda.)", "website": "", "location": "", "mobile": null, "address": null, "github": "", "twitter": "", "instagram": "", "facebook": "", "groups": [], "user_permissions": []}}, {"model": "blog.userprofile", "pk": 17, "fields": {"password": "12345", "last_login": "2023-03-08T16:42:04Z", "is_superuser": false, "username": "Marta", "first_name": "Marta", "last_name": "Dolores", "is_staff": false, "is_active": true, "date_joined": "2023-03-08T16:42:24Z", "full_name": "Marta Dolores", "development": "Frontend", "email": "marta@noreply.com", "avatar": "avatar/marta.jpeg", "gender": "F", "age": 24, "biography": "Everyone has their own opinion on the Lionel Messi vs. Ronaldo saga, which has raged on for many years. These days, even those who believe that players like Salah, Coutinho, and Neymar should be involved in that debate. But what if Pelé was still playing today? Would there even be a debate on who the greatest was?\r\n\r\nMarta with brazil women's national teammates\r\n\r\nIt seems like a moot point because Pelé hasn’t kicked a soccer ball professionally for half a century. But if you switch over to the woman’s game, there is a player who is just as prolific, a player who has done things no one else has, and a player who deserves to be called the best female soccer player in the world.\r\n\r\nThat player is a Brazilian striker named Marta, or Marta Vieira da Silva. At the age of 36, her best years may be behind her, and it’s fair to say that many younger players are on par, if not better. But for many years, no one was able to touch her. She set countless records, scored insane amounts of goals, and she is still playing.", "website": "", "location": "", "mobile": null, "address": null, "github": "", "twitter": "", "instagram": "", "facebook": "", "groups": [], "user_permissions": []}}, {"model": "blog.userprofile", "pk": 21, "fields": {"password": "pbkdf2_sha256$390000$qbUBXcfja1irH1EUaZBG0x$BXYeNmTL/bS2NB5YvR6iwcSMlHF5WzyfZ9Xrn9nEsrc=", "last_login": "2023-03-09T11:01:52Z", "is_superuser": false, "username": "12345", "first_name": "Gvi", "last_name": "Van", "is_staff": false, "is_active": true, "date_joined": "2023-03-09T10:58:28Z", "full_name": "Gvido Van Rossum", "development": "Python", "email": "newemail@noreply.com", "avatar": "avatar/peakpx.jpg", "gender": "M", "age": 49, "biography": "Gvi Van Rossum Python", "website": "http://127.0.0.1", "location": "Ukraine", "mobile": "+380937777554", "address": "Odessa", "github": "", "twitter": "", "instagram": "", "facebook": "", "groups": [], "user_permissions": []}}, {"model": "blog.userprofile", "pk": 22, "fields": {"password": "pbkdf2_sha256$390000$wsSHg0VEukXAI7APzeJYHE$M4Apy/H+QRTk75kz6usWoRdPNq5pj9Gn4Vqklq2ge4E=", "last_login": null, "is_superuser": false, "username": "noob", "first_name": "", "last_name": "", "is_staff": false, "is_active": true, "date_joined": "2023-03-09T11:51:13Z", "full_name": "Name full", "development": "", "email": "noob@noob.com", "avatar": "", "gender": "M", "age": 10, "biography": "", "website": "", "location": "", "mobile": null, "address": null, "github": "", "twitter": "", "instagram": "", "facebook": "", "groups": [], "user_permissions": []}}, {"model": "blog.userprofile", "pk": 23, "fields": {"password": "pbkdf2_sha256$390000$yqJRcr0nqla556oOfZIBIq$vdXCzo5rqe1CkW10t8ofu4d4XoQfA+yq1XUCusoOqaU=", "last_login": "2023-03-09T12:59:35Z", "is_superuser": false, "username": "test", "first_name": "", "last_name": "", "is_staff": false, "is_active": true, "date_joined": "2023-03-09T12:53:56Z", "full_name": "Pixton davaloper", "development": "", "email": "test@noreply.com", "avatar": "", "gender": "F", "age": 30, "biography": "", "website": "", "location": "", "mobile": "+380937777554", "address": "gdfgdf", "github": "", "twitter": "", "instagram": "", "facebook": "", "groups": [], "user_permissions": []}}, {"model": "blog.userprofile", "pk": 24, "fields": {"password": "pbkdf2_sha256$390000$vaPRpOcb8ri5Zs7xlaMM7J$3eRWiaafxudk8bww5uZStQNidXgQ9k1Ge687errrPI0=", "last_login": "2023-03-09T20:08:09Z", "is_superuser": false, "username": "test2", "first_name": "Dan", "last_name": "Bader", "is_staff": false, "is_active": true, "date_joined": "2023-03-09T13:11:24Z", "full_name": "Just FIO", "development": "", "email": "test2@noreply.com", "avatar": "", "gender": "M", "age": 26, "biography": "My bio", "website": "", "location": "Ukraine", "mobile": "+380937777554", "address": "Odessa city", "github": "", "twitter": "", "instagram": "", "facebook": "", "groups": [], "user_permissions": []}}, {"model": "blog.userprofile", "pk": 25, "fields": {"password": "12345", "last_login": "2023-03-11T17:01:05Z", "is_superuser": false, "username": "Soprano", "first_name": "Dan", "last_name": "Soprano", "is_staff": false, "is_active": true, "date_joined": "2023-03-11T17:00:42Z", "full_name": "Mon précieux", "development": "", "email": "Mon@mon.com", "avatar": "avatar/acter.jpg", "gender": "M", "age": 45, "biography": "", "website": "", "location": "", "mobile": null, "address": null, "github": "", "twitter": "", "instagram": "", "facebook": "", "groups": [], "user_permissions": []}}, {"model": "blog.comments", "pk": 1, "fields": {"user": 1, "post": 6, "body": "In this comment model first, we have a Foreign key relation that establishes a many-to-one relationship with the Post model, since every comment will be made on a post and each post will have multiple comments.\r\n\r\nThe related_name attribute allows us to name the attribute that we use for the relation from the related object back to this one. After defining this, we can retrieve the post of a comment object using comment.post and retrieve all comments of a post using post.comments.all() . If you don't define the related_name attribute, Django will use the name of the model in lowercase, followed by _set (that is, comment_set ) to name the manager of the related object back to this one.", "created": "2023-03-11T18:35:14.277Z", "published": true, "approved": true}}, {"model": "blog.comments", "pk": 2, "fields": {"user": 6, "post": 6, "body": "Commenting on a post is the most common feature a post have and implementing in Django is way more easy than in other frameworks. To implement this feature there are some number of steps which are to be followed but first lets start by creating a new project.", "created": "2023-03-12T16:34:05.996Z", "published": true, "approved": true}}, {"model": "blog.comments", "pk": 3, "fields": {"user": 1, "post": 6, "body": "New comments", "created": "2023-03-12T16:48:36.324Z", "published": true, "approved": true}}, {"model": "blog.comments", "pk": 8, "fields": {"user": 6, "post": 6, "body": "", "created": "2023-03-12T18:31:56.876Z", "published": false, "approved": false}}, {"model": "blog.comments", "pk": 9, "fields": {"user": 6, "post": 6, "body": "", "created": "2023-03-12T18:32:44.710Z", "published": false, "approved": false}}, {"model": "blog.comments", "pk": 10, "fields": {"user": 6, "post": 6, "body": "", "created": "2023-03-12T18:32:47.569Z", "published": false, "approved": false}}, {"model": "blog.comments", "pk": 11, "fields": {"user": 6, "post": 6, "body": "1", "created": "2023-03-12T18:43:08.722Z", "published": true, "approved": true}}, {"model": "blog.comments", "pk": 12, "fields": {"user": 6, "post": 6, "body": "", "created": "2023-03-12T18:43:13.264Z", "published": false, "approved": false}}, {"model": "blog.tag", "pk": 1, "fields": {"name": "django"}}, {"model": "blog.tag", "pk": 2, "fields": {"name": "programming"}}, {"model": "blog.tag", "pk": 3, "fields": {"name": "coding"}}, {"model": "blog.tag", "pk": 4, "fields": {"name": "webdevelopment"}}, {"model": "blog.tag", "pk": 5, "fields": {"name": "appdevelopment"}}, {"model": "blog.tag", "pk": 6, "fields": {"name": "frontend"}}, {"model": "blog.tag", "pk": 7, "fields": {"name": "backend"}}, {"model": "blog.tag", "pk": 8, "fields": {"name": "javascript"}}, {"model": "blog.tag", "pk": 9, "fields": {"name": "php"}}, {"model": "blog.tag", "pk": 10, "fields": {"name": "html"}}, {"model": "blog.tag", "pk": 11, "fields": {"name": "sql"}}, {"model": "blog.tag", "pk": 12, "fields": {"name": "nosql"}}, {"model": "blog.tag", "pk": 13, "fields": {"name": "mongodb"}}]